{
    "objects": [
        {
            "color": {
                "a": 255,
                "b": 40,
                "g": 40,
                "r": 110
            },
            "modelName": "player_low",
            "name": " player",
            "position": {
                "x": 0.0,
                "y": 14.800000190734863,
                "z": 26.299999237060547
            },
            "rotation": {
                "x": 0.0,
                "y": 4.5,
                "z": 0.20943951606750488
            },
            "scale": {
                "x": 1.0,
                "y": 1.0,
                "z": 1.0
            },
            "type": 5
        },
        {
            "color": {
                "a": 255,
                "b": 255,
                "g": 255,
                "r": 255
            },
            "name": "Land",
            "position": {
                "x": 0.0,
                "y": 0.0,
                "z": 0.0
            },
            "rotation": {
                "x": 0.0,
                "y": 0.0,
                "z": 0.0
            },
            "scale": {
                "x": 60.0,
                "y": 90.0,
                "z": 900.0
            },
            "type": 3
        },
        {
            "color": {
                "a": 255,
                "b": 255,
                "g": 255,
                "r": 255
            },
            "modelName": "stairs_f",
            "name": "stairs",
            "position": {
                "x": 5.0,
                "y": 0.0,
                "z": 15.199999809265137
            },
            "rotation": {
                "x": 0.0,
                "y": 0.0,
                "z": 0.0
            },
            "scale": {
                "x": 1.0,
                "y": 1.899999976158142,
                "z": 2.0
            },
            "type": 5
        }
    ]
}