{
    "objects": [
        {
            "color": {
                "a": 255,
                "b": 153,
                "g": 153,
                "r": 221
            },
            "name": "New Object 0 (Cube)",
            "position": {
                "x": 0.0,
                "y": 0.0,
                "z": 0.0
            },
            "rotation": {
                "x": 0.0,
                "y": 0.0,
                "z": 0.0
            },
            "scale": {
                "x": 50.79999923706055,
                "y": -0.6000000238418579,
                "z": -42.400001525878906
            },
            "type": 0
        },
        {
            "color": {
                "a": 255,
                "b": 255,
                "g": 255,
                "r": 255
            },
            "name": "New Object 1 (Sphere)",
            "position": {
                "x": 0.0,
                "y": 0.0,
                "z": 0.0
            },
            "rotation": {
                "x": 0.0,
                "y": 0.0,
                "z": 0.0
            },
            "scale": {
                "x": 1.0,
                "y": 1.0,
                "z": 1.0
            },
            "type": 1
        },
        {
            "color": {
                "a": 255,
                "b": 255,
                "g": 255,
                "r": 255
            },
            "modelName": "player_low",
            "name": "player",
            "position": {
                "x": -13.399999618530273,
                "y": 0.699999988079071,
                "z": -4.5
            },
            "rotation": {
                "x": 0.0,
                "y": 1.5882495641708374,
                "z": 0.0
            },
            "scale": {
                "x": 1.0,
                "y": 1.0,
                "z": 1.0
            },
            "type": 5
        }
    ]
}