{
    "objects": [
        {
            "color": {
                "a": 255,
                "b": 255,
                "g": 255,
                "r": 255
            },
            "name": "New Object 0 (Sphere)",
            "position": {
                "x": 0.0,
                "y": 0.0,
                "z": 0.0
            },
            "rotation": {
                "x": 0.5410520434379578,
                "y": 0.17453286051750183,
                "z": -2.3387398719787598
            },
            "scale": {
                "x": 1.0,
                "y": 1.0,
                "z": 1.0
            },
            "type": 1
        },
        {
            "color": {
                "a": 255,
                "b": 255,
                "g": 255,
                "r": 255
            },
            "name": "New Object 1 (Cylinder)",
            "position": {
                "x": 0.5,
                "y": 0.10000000149011612,
                "z": 10.399999618530273
            },
            "rotation": {
                "x": 0.0,
                "y": 0.0,
                "z": -0.19198621809482574
            },
            "scale": {
                "x": 1.0,
                "y": 1.0,
                "z": 1.0
            },
            "type": 4
        },
        {
            "color": {
                "a": 255,
                "b": 255,
                "g": 255,
                "r": 255
            },
            "modelName": "player",
            "name": " 2",
            "position": {
                "x": 0.0,
                "y": 10.0,
                "z": 0.0
            },
            "rotation": {
                "x": 0.0,
                "y": 2.8797757625579834,
                "z": 0.29670584201812744
            },
            "scale": {
                "x": 1.0,
                "y": 1.0,
                "z": 3.5999999046325684
            },
            "type": 5
        }
    ]
}