{
    "objects": [
        {
            "color": {
                "a": 255,
                "b": 255,
                "g": 255,
                "r": 255
            },
            "modelName": "TaverGLTF",
            "name": " Castle",
            "position": {
                "x": 62.099998474121094,
                "y": -1.5,
                "z": -11.699999809265137
            },
            "rotation": {
                "x": 0.0,
                "y": 0.0,
                "z": 0.0
            },
            "scale": {
                "x": 1.0,
                "y": 1.0,
                "z": 0.8999999761581421
            },
            "type": 4
        }
    ]
}